Class,Precision,Recall,F1-score
Interictal (0),88.0675818373812,83.39999999999999,85.67026194144837
Preictal (1),84.23551756885091,88.7,86.4101315148563
